nnn,canonical_name,local_filename,new_version,new_filename,git_first_commit,test_version,test_name,prod_seq_version,prod_seq_name,prod_ts_version,prod_ts_name,classification
001,initial_schema,001_initial_schema.sql,20260405061911,20260405061911_initial_schema.sql,2026-04-05T08:19:11+02:00,20260430100450,001_initial_schema,001,initial_schema,,,clean
002,rls_policies,002_rls_policies.sql,20260405061912,20260405061912_rls_policies.sql,2026-04-05T08:19:11+02:00,20260430100510,002_rls_policies,002,rls_policies,,,clean
003,indexes_and_benchmark,003_indexes_and_benchmark.sql,20260405093623,20260405093623_indexes_and_benchmark.sql,2026-04-05T11:36:23+02:00,20260430100522,003_indexes_and_benchmark,003,indexes_and_benchmark,,,clean
004,kek_version,004_kek_version.sql,20260405093827,20260405093827_kek_version.sql,2026-04-05T11:38:27+02:00,20260430100536,004_kek_version,004,kek_version,,,clean
005,decks,005_decks.sql,20260405170339,20260405170339_decks.sql,2026-04-05T19:03:39+02:00,20260430100543,005_decks,005,decks,,,clean
006,organizations,006_organizations.sql,20260405180928,20260405180928_organizations.sql,2026-04-05T20:09:28+02:00,20260430100602,006_organizations,006,organizations,,,clean
007,security_hardening,007_security_hardening.sql,20260406065011,20260406065011_security_hardening.sql,2026-04-06T08:50:11+02:00,20260430100622,007_security_hardening,007,security_hardening,,,clean
008,matching_automation,008_matching_automation.sql,20260406071921,20260406071921_matching_automation.sql,2026-04-06T09:19:21+02:00,20260430100637,008_matching_automation,008,matching_automation,,,clean
009,allocations_hub,009_allocations_hub.sql,20260406130805,20260406130805_allocations_hub.sql,2026-04-06T15:08:05+02:00,20260430100649,009_allocations_hub,009,allocations_hub,,,clean
010,portfolio_intelligence,010_portfolio_intelligence.sql,20260407075303,20260407075303_portfolio_intelligence.sql,2026-04-07T09:53:03+02:00,20260430100737,010_portfolio_intelligence,010,portfolio_intelligence,,,clean
011,perfect_match,011_perfect_match.sql,20260407164606,20260407164606_perfect_match.sql,2026-04-07T18:46:06+02:00,20260430100825,011_perfect_match,011,perfect_match,,,clean
012,disclosure_and_tenancy,012_disclosure_and_tenancy.sql,20260408113028,20260408113028_disclosure_and_tenancy.sql,2026-04-08T13:30:28+02:00,20260430100900,012_disclosure_and_tenancy,012,disclosure_and_tenancy,,,clean
013,cron_heartbeat,013_cron_heartbeat.sql,20260408113029,20260408113029_cron_heartbeat.sql,2026-04-08T13:30:28+02:00,20260430100923,013_cron_heartbeat,013,cron_heartbeat,,,clean
014,strategy_codename,014_strategy_codename.sql,20260408155411,20260408155411_strategy_codename.sql,2026-04-08T17:54:11+02:00,20260430100939,014_strategy_codename,014,strategy_codename,,,clean
015,schedule_match_cron_hourly,015_schedule_match_cron_hourly.sql,20260408215026,20260408215026_schedule_match_cron_hourly.sql,2026-04-08T23:50:26+02:00,20260430100951,015_schedule_match_cron_hourly,015,schedule_match_cron_hourly,,,clean
016,partner_tag,016_partner_tag.sql,20260408220622,20260408220622_partner_tag.sql,2026-04-09T00:06:22+02:00,20260430101001,016_partner_tag,016,partner_tag,,,clean
017,profile_pii_revoke,017_profile_pii_revoke.sql,20260408233236,20260408233236_profile_pii_revoke.sql,2026-04-09T01:32:36+02:00,20260430101012,017_profile_pii_revoke,017,profile_pii_revoke,,,clean
018,notification_dispatches,018_notification_dispatches.sql,20260409002118,20260409002118_notification_dispatches.sql,2026-04-09T02:21:18+02:00,20260430101024,018_notification_dispatches,018,notification_dispatches,,,clean
019,recommendations_rpc,019_recommendations_rpc.sql,20260409003234,20260409003234_recommendations_rpc.sql,2026-04-09T02:32:34+02:00,20260430101044,019_recommendations_rpc,019,recommendations_rpc,,,clean
020,profile_pii_revoke_hardened,020_profile_pii_revoke_hardened.sql,20260409133654,20260409133654_profile_pii_revoke_hardened.sql,2026-04-09T15:36:54+02:00,20260430101102,020_profile_pii_revoke_hardened,020,profile_pii_revoke_hardened,,,clean
021,function_execute_hardening,021_function_execute_hardening.sql,20260409133655,20260409133655_function_execute_hardening.sql,2026-04-09T15:36:54+02:00,20260430101116,021_function_execute_hardening,021,function_execute_hardening,,,clean
022,public_profiles_view_security_invoker,022_public_profiles_view_security_invoker.sql,20260409133656,20260409133656_public_profiles_view_security_invoker.sql,2026-04-09T15:36:54+02:00,20260430101126,022_public_profiles_view_security_invoker,022,public_profiles_view_security_invoker,,,clean
023,portfolios_is_test,023_portfolios_is_test.sql,20260409202756,20260409202756_portfolios_is_test.sql,2026-04-09T22:27:56+02:00,20260430101143,023_portfolios_is_test,023,portfolios_is_test,,,clean
024,user_favorites,024_user_favorites.sql,20260409202757,20260409202757_user_favorites.sql,2026-04-09T22:27:56+02:00,20260430101155,024_user_favorites,024,user_favorites,,,clean
025,portfolio_strategies_alias,025_portfolio_strategies_alias.sql,20260409202758,20260409202758_portfolio_strategies_alias.sql,2026-04-09T22:27:56+02:00,20260430101207,025_portfolio_strategies_alias,025,portfolio_strategies_alias,,,clean
026,fix_organization_rls_recursion,026_fix_organization_rls_recursion.sql,20260409212457,20260409212457_fix_organization_rls_recursion.sql,2026-04-09T23:24:57+02:00,20260430101225,026_fix_organization_rls_recursion,026,fix_organization_rls_recursion,,,clean
027,api_keys_column_revoke,027_api_keys_column_revoke.sql,20260410225608,20260410225608_api_keys_column_revoke.sql,2026-04-11T00:56:08+02:00,20260430101241,027_api_keys_column_revoke,027,api_keys_column_revoke,,,clean
028,strategy_api_key_tenant_check,028_strategy_api_key_tenant_check.sql,20260410225609,20260410225609_strategy_api_key_tenant_check.sql,2026-04-11T00:56:08+02:00,20260430101305,028_strategy_api_key_tenant_check,028,strategy_api_key_tenant_check,,,clean
029,sec005_follow_ups,029_sec005_follow_ups.sql,20260410225610,20260410225610_sec005_follow_ups.sql,2026-04-11T00:56:08+02:00,20260430101335,029_sec005_follow_ups,029,sec005_follow_ups,,,clean
030,for_quants_leads,030_for_quants_leads.sql,20260411010107,20260411010107_for_quants_leads.sql,2026-04-11T03:01:07+02:00,20260430101352,030_for_quants_leads,030,for_quants_leads,,,clean
031,wizard_source_column,031_wizard_source_column.sql,20260411103316,20260411103316_wizard_source_column.sql,2026-04-11T12:33:16+02:00,20260430101442,031_wizard_source_column,031,wizard_source_column,,,clean
032,compute_jobs_queue,032_compute_jobs_queue.sql,20260411144407,20260411144407_compute_jobs_queue.sql,2026-04-11T16:44:07+02:00,20260430101555,032_compute_jobs_queue,032,compute_jobs_queue,,,clean
033,compute_jobs_admin_and_defer,033_compute_jobs_admin_and_defer.sql,20260412094449,20260412094449_compute_jobs_admin_and_defer.sql,2026-04-12T11:44:49+02:00,20260430101644,033_compute_jobs_admin_and_defer,033,compute_jobs_admin_and_defer,,,clean
034,position_snapshots,034_position_snapshots.sql,20260412094450,20260412094450_position_snapshots.sql,2026-04-12T11:44:49+02:00,20260430101700,034_position_snapshots,034,position_snapshots,,,clean
035,weight_snapshots,035_weight_snapshots.sql,20260412094451,20260412094451_weight_snapshots.sql,2026-04-12T11:44:49+02:00,20260430101714,035_weight_snapshots,035,weight_snapshots,,,clean
036,poll_positions_kind,036_poll_positions_kind.sql,20260412094452,20260412094452_poll_positions_kind.sql,2026-04-12T11:44:49+02:00,20260430101728,036_poll_positions_kind,036,poll_positions_kind,,,clean
037,user_notes,037_user_notes.sql,20260412094453,20260412094453_user_notes.sql,2026-04-12T11:44:49+02:00,20260430101744,037_user_notes,037,user_notes,,,clean
038,sync_strategy_analytics_status,038_sync_strategy_analytics_status.sql,20260412094454,20260412094454_sync_strategy_analytics_status.sql,2026-04-12T11:44:49+02:00,20260430101802,038_sync_strategy_analytics_status,038,sync_strategy_analytics_status,,,clean
039,trades_raw_fills,039_trades_raw_fills.sql,20260412125723,20260412125723_trades_raw_fills.sql,2026-04-12T14:57:23+02:00,20260430101815,039_trades_raw_fills,039,trades_raw_fills,,,clean
040,positions,040_positions.sql,20260412125724,20260412125724_positions.sql,2026-04-12T14:57:23+02:00,20260430101834,040_positions,040,positions,,,clean
041,strategy_analytics_fill_metrics,041_strategy_analytics_fill_metrics.sql,20260412125725,20260412125725_strategy_analytics_fill_metrics.sql,2026-04-12T14:57:23+02:00,20260430101845,041_strategy_analytics_fill_metrics,041,strategy_analytics_fill_metrics,,,clean
042,alert_types_expansion,042_alert_types_expansion.sql,20260412170626,20260412170626_alert_types_expansion.sql,2026-04-12T19:06:26+02:00,20260430101858,042_alert_types_expansion,042,alert_types_expansion,,,clean
044,funding_fees,044_funding_fees.sql,20260416081039,20260416081039_funding_fees.sql,2026-04-16T10:10:39+02:00,20260430101923,044_funding_fees,044,funding_fees,,,clean
045,sync_checkpoints,045_sync_checkpoints.sql,20260416125428,20260416125428_sync_checkpoints.sql,2026-04-16T14:54:28+02:00,20260430101934,045_sync_checkpoints,045,sync_checkpoints,,,clean
046,reconciliation,046_reconciliation.sql,20260416125429,20260416125429_reconciliation.sql,2026-04-16T14:54:28+02:00,20260430101948,046_reconciliation,046,reconciliation,,,clean
047b,used_ack_tokens,047b_used_ack_tokens.sql,20260416125430,20260416125430_used_ack_tokens.sql,2026-04-16T14:54:28+02:00,20260430102007,047b_used_ack_tokens,,,,,missing_in_prod
047c,severity_critical,047c_severity_critical.sql,20260416125431,20260416125431_severity_critical.sql,2026-04-16T14:54:28+02:00,20260430102017,047c_severity_critical,,,,,missing_in_prod
048,contact_request_metadata,048_contact_request_metadata.sql,20260416125432,20260416125432_contact_request_metadata.sql,2026-04-16T14:54:28+02:00,20260430102042,048_contact_request_metadata,048,contact_request_metadata,,,clean
050,rebalance_drift_check_and_trigger,050_rebalance_drift_check_and_trigger.sql,20260416125433,20260416125433_rebalance_drift_check_and_trigger.sql,2026-04-16T14:54:28+02:00,20260430102118,050_rebalance_drift_check_and_trigger,050,rebalance_drift_check_and_trigger,,,clean
051,rebalance_drift_weekly_index,051_rebalance_drift_weekly_index.sql,20260416125434,20260416125434_rebalance_drift_weekly_index.sql,2026-04-16T14:54:28+02:00,20260430102129,051_rebalance_drift_weekly_index,051,rebalance_drift_weekly_index,,,clean
052,key_permission_audit,052_key_permission_audit.sql,20260416125435,20260416125435_key_permission_audit.sql,2026-04-16T14:54:28+02:00,20260430102141,052_key_permission_audit,052,key_permission_audit,,,clean
053,session_count_rpc,053_session_count_rpc.sql,20260416125436,20260416125436_session_count_rpc.sql,2026-04-16T14:54:28+02:00,20260430102157,053_session_count_rpc,053,session_count_rpc,,,clean
049,audit_log_hardening,049_audit_log_hardening.sql,20260416201929,20260416201929_audit_log_hardening.sql,2026-04-16T22:19:29+02:00,20260430102059,049_audit_log_hardening,049,audit_log_hardening,,,clean
054,user_app_roles,054_user_app_roles.sql,20260417031851,20260417031851_user_app_roles.sql,2026-04-17T05:18:51+02:00,20260430102217,054_user_app_roles,054,user_app_roles,,,clean
055,sanitize_user,055_sanitize_user.sql,20260417110538,20260417110538_sanitize_user.sql,2026-04-17T13:05:38+02:00,20260430102245,055_sanitize_user,055,sanitize_user,,,clean
056,retention_crons,056_retention_crons.sql,20260417110539,20260417110539_retention_crons.sql,2026-04-17T13:05:38+02:00,20260430102315,056_retention_crons,056,retention_crons,,,clean
057,relax_organizations_created_by,057_relax_organizations_created_by.sql,20260417135856,20260417135856_relax_organizations_created_by.sql,2026-04-17T15:58:56+02:00,20260430102330,057_relax_organizations_created_by,057,relax_organizations_created_by,,,clean
058,log_audit_event_service,058_log_audit_event_service.sql,20260417155900,20260417155900_log_audit_event_service.sql,2026-04-17T17:59:00+02:00,20260430102345,058_log_audit_event_service,058,log_audit_event_service,,,clean
059,bridge_outcomes,059_bridge_outcomes.sql,20260418060747,20260418060747_bridge_outcomes.sql,2026-04-18T08:07:47+02:00,20260430102421,059_bridge_outcomes,059,bridge_outcomes,,,clean
060,bridge_outcome_cron,060_bridge_outcome_cron.sql,20260418074935,20260418074935_bridge_outcome_cron.sql,2026-04-18T09:49:35+02:00,20260430102449,060_bridge_outcome_cron,060,bridge_outcome_cron,,,clean
061,mandate_columns,061_mandate_columns.sql,20260418150632,20260418150632_mandate_columns.sql,2026-04-18T17:06:32+02:00,20260430102522,061_mandate_columns,061,mandate_columns,,,clean
062,scoring_weight_overrides,062_scoring_weight_overrides.sql,20260418194206,20260418194206_scoring_weight_overrides.sql,2026-04-18T21:42:06+02:00,20260430102621,062_scoring_weight_overrides,062,scoring_weight_overrides,,,clean
063,feedback_delta_enqueue,063_feedback_delta_enqueue.sql,20260419061003,20260419061003_feedback_delta_enqueue.sql,2026-04-19T08:10:03+02:00,20260430102643,063_feedback_delta_enqueue,063,feedback_delta_enqueue,,,clean
064,match_decisions_original_strategy,064_match_decisions_original_strategy.sql,20260419140916,20260419140916_match_decisions_original_strategy.sql,2026-04-19T16:09:16+02:00,20260430102702,064_match_decisions_original_strategy,064,match_decisions_original_strategy,,,clean
065,match_decisions_original_strategy_notnull,065_match_decisions_original_strategy_notnull.sql,20260419140917,20260419140917_match_decisions_original_strategy_notnull.sql,2026-04-19T16:09:16+02:00,20260430102714,065_match_decisions_original_strategy_notnull,065,match_decisions_original_strategy_notnull,,,clean
066,allocator_holdings,066_allocator_holdings.sql,20260420073003,20260420073003_allocator_holdings.sql,2026-04-20T09:30:03+02:00,20260430102838,066_allocator_holdings,066,allocator_holdings,,,clean
067,allocator_sync_queued_prefetch,067_allocator_sync_queued_prefetch.sql,20260420103104,20260420103104_allocator_sync_queued_prefetch.sql,2026-04-20T12:31:04+02:00,20260430102856,067_allocator_sync_queued_prefetch,067,allocator_sync_queued_prefetch,,,clean
068,api_keys_last_429_at_grant,068_api_keys_last_429_at_grant.sql,20260420103151,20260420103151_api_keys_last_429_at_grant.sql,2026-04-20T12:31:51+02:00,20260430102914,068_api_keys_last_429_at_grant,068,api_keys_last_429_at_grant,,,clean
069,delete_allocator_api_key_rpc,069_delete_allocator_api_key_rpc.sql,20260420155356,20260420155356_delete_allocator_api_key_rpc.sql,2026-04-20T17:53:56+02:00,20260430102923,069_delete_allocator_api_key_rpc,069,delete_allocator_api_key_rpc,,,clean
070,allocator_equity_snapshots,070_allocator_equity_snapshots.sql,20260420213754,20260420213754_allocator_equity_snapshots.sql,2026-04-20T23:37:54+02:00,20260430103009,070_allocator_equity_snapshots,070,allocator_equity_snapshots,,,clean
071,user_notes_multiscope,071_user_notes_multiscope.sql,20260421060316,20260421060316_user_notes_multiscope.sql,2026-04-21T08:03:16+02:00,20260430103029,071_user_notes_multiscope,071,user_notes_multiscope,,,clean
072,match_decisions_original_holding_ref,072_match_decisions_original_holding_ref.sql,20260421154029,20260421154029_match_decisions_original_holding_ref.sql,2026-04-21T17:40:29+02:00,20260430103050,072_match_decisions_original_holding_ref,072,match_decisions_original_holding_ref,,,clean
073,compute_bridge_outcome_deltas_holding_branch,073_compute_bridge_outcome_deltas_holding_branch.sql,20260421154030,20260421154030_compute_bridge_outcome_deltas_holding_branch.sql,2026-04-21T17:40:29+02:00,20260430103129,073_compute_bridge_outcome_deltas_holding_branch,073,compute_bridge_outcome_deltas_holding_branch,,,clean
074,match_decisions_widen_unique_holding,074_match_decisions_widen_unique_holding.sql,20260421160102,20260421160102_match_decisions_widen_unique_holding.sql,2026-04-21T18:01:02+02:00,20260430103142,074_match_decisions_widen_unique_holding,074,match_decisions_widen_unique_holding,,,clean
075,api_keys_disconnected_at,075_api_keys_disconnected_at.sql,20260422101911,20260422101911_api_keys_disconnected_at.sql,2026-04-22T12:19:11+02:00,20260430103223,075_api_keys_disconnected_at,075,api_keys_disconnected_at,,,clean
076,reconstruct_per_api_key_gate,076_reconstruct_per_api_key_gate.sql,20260422122720,20260422122720_reconstruct_per_api_key_gate.sql,2026-04-22T14:27:20+02:00,20260430103245,076_reconstruct_per_api_key_gate,076,reconstruct_per_api_key_gate,,,clean
077,delete_api_key_cascade_equity,077_delete_api_key_cascade_equity.sql,20260422182451,20260422182451_delete_api_key_cascade_equity.sql,2026-04-22T20:24:51+02:00,20260430103301,077_delete_api_key_cascade_equity,077,delete_api_key_cascade_equity,,,clean
078,equity_contract_size_healing,078_equity_contract_size_healing.sql,20260424005706,20260424005706_equity_contract_size_healing.sql,2026-04-24T02:57:06+02:00,20260430103314,078_equity_contract_size_healing,078,equity_contract_size_healing,20260424012820,equity_contract_size_healing,prod_duplicate_seq_and_ts
079,equity_defensive_heal,079_equity_defensive_heal.sql,20260424031125,20260424031125_equity_defensive_heal.sql,2026-04-24T05:11:25+02:00,20260430103328,079_equity_defensive_heal,079,equity_defensive_heal,20260424031238,equity_defensive_heal,prod_duplicate_seq_and_ts
080,match_decisions_kind_enum,080_match_decisions_kind_enum.sql,20260426131718,20260426131718_match_decisions_kind_enum.sql,2026-04-26T15:17:18+02:00,20260430103412,080_match_decisions_kind_enum,080,080_match_decisions_kind_enum,,,clean
081,bridge_outcomes_relax_for_voluntary,081_bridge_outcomes_relax_for_voluntary.sql,20260426131719,20260426131719_bridge_outcomes_relax_for_voluntary.sql,2026-04-26T15:17:18+02:00,20260430103429,081_bridge_outcomes_relax_for_voluntary,081,081_bridge_outcomes_relax_for_voluntary,,,clean
082,commit_scenario_batch_rpc,082_commit_scenario_batch_rpc.sql,20260426131720,20260426131720_commit_scenario_batch_rpc.sql,2026-04-26T15:17:18+02:00,20260430103508,082_commit_scenario_batch_rpc,082,082_commit_scenario_batch_rpc,,,clean
083,commit_scenario_batch_race_fix,083_commit_scenario_batch_race_fix.sql,20260426131721,20260426131721_commit_scenario_batch_race_fix.sql,2026-04-26T15:17:18+02:00,20260430103546,083_commit_scenario_batch_race_fix,083,commit_scenario_batch_race_fix,,,clean
084,first_api_key_added_trigger,084_first_api_key_added_trigger.sql,20260426191833,20260426191833_first_api_key_added_trigger.sql,2026-04-26T21:18:33+02:00,20260430103609,084_first_api_key_added_trigger,084,first_api_key_added_trigger,20260426193121,first_api_key_added_trigger,prod_duplicate_seq_and_ts
085,stamp_first_bridge_surfaced,085_stamp_first_bridge_surfaced.sql,20260427064919,20260427064919_stamp_first_bridge_surfaced.sql,2026-04-27T08:49:19+02:00,20260430103625,085_stamp_first_bridge_surfaced,085,stamp_first_bridge_surfaced,20260430055512,stamp_first_bridge_surfaced,prod_duplicate_seq_and_ts
086,compute_jobs_priority,086_compute_jobs_priority.sql,20260428152451,20260428152451_compute_jobs_priority.sql,2026-04-28T17:24:51+02:00,20260430103645,086_compute_jobs_priority,086,compute_jobs_priority,20260428120836,086_compute_jobs_priority,prod_duplicate_seq_and_ts
087,strategy_analytics_series,087_strategy_analytics_series.sql,20260428152452,20260428152452_strategy_analytics_series.sql,2026-04-28T17:24:51+02:00,20260430103713,087_strategy_analytics_series,087,strategy_analytics_series,20260428120919,087_strategy_analytics_series,prod_duplicate_seq_and_ts
088,cutover_strategy_metrics_keys,088_cutover_strategy_metrics_keys.sql,20260428152453,20260428152453_cutover_strategy_metrics_keys.sql,2026-04-28T17:24:51+02:00,20260430103727,088_cutover_strategy_metrics_keys,088,cutover_strategy_metrics_keys,20260428142831,088_cutover_strategy_metrics_keys,prod_duplicate_seq_and_ts
089,claim_failed_retry,089_claim_failed_retry.sql,20260428171012,20260428171012_claim_failed_retry.sql,2026-04-28T19:10:12+02:00,20260430103749,089_claim_failed_retry,089,claim_failed_retry,20260428155809,089_claim_failed_retry,prod_duplicate_seq_and_ts
090,claim_dedupe_partition_keys,090_claim_dedupe_partition_keys.sql,20260428192812,20260428192812_claim_dedupe_partition_keys.sql,2026-04-28T21:28:12+02:00,20260430103820,090_claim_dedupe_partition_keys,090,claim_dedupe_partition_keys,20260428190907,claim_dedupe_partition_keys,prod_duplicate_seq_and_ts
091,seed_is_example_backfill,091_seed_is_example_backfill.sql,20260429063138,20260429063138_seed_is_example_backfill.sql,2026-04-29T08:31:38+02:00,20260430103834,091_seed_is_example_backfill,091,seed_is_example_backfill,,,clean
092,positions_duration_days_numeric,092_positions_duration_days_numeric.sql,20260430111452,20260430111452_positions_duration_days_numeric.sql,2026-04-30T13:14:52+02:00,20260430105208,092_positions_duration_days_numeric,,,20260430105207,092_positions_duration_days_numeric,clean
093,strategy_verifications,093_strategy_verifications.sql,20260502161315,20260502161315_strategy_verifications.sql,2026-05-02T18:13:15+02:00,20260512181843,093_strategy_verifications,,,20260501055202,093_strategy_verifications,clean
094,strategy_verifications_rls_polish,094_strategy_verifications_rls_polish.sql,20260502161316,20260502161316_strategy_verifications_rls_polish.sql,2026-05-02T18:13:15+02:00,20260512181901,094_strategy_verifications_rls_polish,,,20260501055213,094_strategy_verifications_rls_polish,clean
098,resend_message_correlation,098_resend_message_correlation.sql,20260503052213,20260503052213_resend_message_correlation.sql,2026-05-03T07:22:13+02:00,20260501102638,098_resend_message_correlation,,,,,missing_in_prod
099,mark_compute_job_atomic_status_bridge,099_mark_compute_job_atomic_status_bridge.sql,20260505130143,20260505130143_mark_compute_job_atomic_status_bridge.sql,2026-05-05T15:01:43+02:00,20260512181958,099_mark_compute_job_atomic_status_bridge,,,20260505115047,099_mark_compute_job_atomic_status_bridge,clean
100,strategies_source_csv,100_strategies_source_csv.sql,20260507085011,20260507085011_strategies_source_csv.sql,2026-05-07T10:50:11+02:00,20260512182028,100_strategies_source_csv,,,20260506211806,100_strategies_source_csv,clean
101,partner_tag_check_constraint,101_partner_tag_check_constraint.sql,20260508063435,20260508063435_partner_tag_check_constraint.sql,2026-05-08T08:34:35+02:00,20260512182055,101_partner_tag_check_constraint,,,20260510172412,partner_tag_check_constraint,clean
102,sync_trades_preserve_fills,102_sync_trades_preserve_fills.sql,20260508075230,20260508075230_sync_trades_preserve_fills.sql,2026-05-08T09:52:30+02:00,20260512182126,102_sync_trades_preserve_fills,,,20260510172558,sync_trades_preserve_fills,clean
103,strategy_verifications_state_machine,103_strategy_verifications_state_machine.sql,20260509082818,20260509082818_strategy_verifications_state_machine.sql,2026-05-09T10:28:18+02:00,20260508112900,103_strategy_verifications_state_machine,,,20260510172738,strategy_verifications_state_machine,clean
104,process_key_long_idempotency_drain,104_process_key_long_idempotency_drain.sql,20260509082819,20260509082819_process_key_long_idempotency_drain.sql,2026-05-09T10:28:18+02:00,20260508113118,104_process_key_long_idempotency_drain,,,20260510173005,process_key_long_idempotency_drain,clean
105,strategies_fingerprint_compute_similarity,105_strategies_fingerprint_compute_similarity.sql,20260509082820,20260509082820_strategies_fingerprint_compute_similarity.sql,2026-05-09T10:28:18+02:00,20260508113230,105_strategies_fingerprint_compute_similarity,,,20260510173116,strategies_fingerprint_compute_similarity,clean
106,view_shim_step_a_sentinel,106_view_shim_step_a_sentinel.sql,20260509082821,20260509082821_view_shim_step_a_sentinel.sql,2026-05-09T10:28:18+02:00,20260508113322,106_view_shim_step_a_sentinel,,,20260510173220,view_shim_step_a_sentinel,clean
107,verification_requests_view_shim,107_verification_requests_view_shim.sql,20260509082822,20260509082822_verification_requests_view_shim.sql,2026-05-09T10:28:18+02:00,20260512182303,107_verification_requests_view_shim,,,,,missing_in_prod
108,process_key_long_compute_job_kinds_repair,108_process_key_long_compute_job_kinds_repair.sql,20260509082823,20260509082823_process_key_long_compute_job_kinds_repair.sql,2026-05-09T10:28:18+02:00,20260509052350,108_process_key_long_compute_job_kinds_repair,,,20260510175507,process_key_long_compute_job_kinds_repair,clean
109,compute_jobs_audit_2026_05_07_g10b,109_compute_jobs_audit_2026_05_07_g10b.sql,20260509110339,20260509110339_compute_jobs_audit_2026_05_07_g10b.sql,2026-05-09T13:03:39+02:00,20260512183654,109_compute_jobs_audit_2026_05_07_g10b,,,20260510180226,compute_jobs_audit_2026_05_07_g10b,clean
110,sync_trades_date_range_scoped_delete,110_sync_trades_date_range_scoped_delete.sql,20260509110340,20260509110340_sync_trades_date_range_scoped_delete.sql,2026-05-09T13:03:39+02:00,20260512183734,110_sync_trades_date_range_scoped_delete,,,20260510180535,sync_trades_date_range_scoped_delete,clean
111,compute_jobs_user_message_and_rate_limit_grief,111_compute_jobs_user_message_and_rate_limit_grief.sql,20260509110341,20260509110341_compute_jobs_user_message_and_rate_limit_grief.sql,2026-05-09T13:03:39+02:00,20260512183824,111_compute_jobs_user_message_and_rate_limit_grief,,,20260510181014,compute_jobs_user_message_and_rate_limit_grief,clean
112,trades_side_check_constraint,112_trades_side_check_constraint.sql,20260509184812,20260509184812_trades_side_check_constraint.sql,2026-05-09T20:48:12+02:00,20260512184014,112_trades_side_check_constraint,,,20260510181440,trades_side_check_constraint,clean
114,positions_schema_rls_g12d,114_positions_schema_rls_g12d.sql,20260509194500,20260509194500_positions_schema_rls_g12d.sql,2026-05-09T21:45:00+02:00,20260512184227,114_positions_schema_rls_g12d,,,20260510182439,positions_schema_rls_g12d,clean
113,positions_atomic_rebuild_rpc,113_positions_atomic_rebuild_rpc.sql,20260509200827,20260509200827_positions_atomic_rebuild_rpc.sql,2026-05-09T22:08:27+02:00,20260512184050,113_positions_atomic_rebuild_rpc,,,20260510181748,positions_atomic_rebuild_rpc,clean
115,for_quants_leads_notify_markers,115_for_quants_leads_notify_markers.sql,20260510184306,20260510184306_for_quants_leads_notify_markers.sql,2026-05-10T20:43:06+02:00,20260512184308,115_for_quants_leads_notify_markers,,,20260510182622,for_quants_leads_notify_markers,clean
116,profiles_rls_hardening,116_profiles_rls_hardening.sql,20260512135836,20260512135836_profiles_rls_hardening.sql,2026-05-12T15:58:36+02:00,20260512184355,116_profiles_rls_hardening,,,20260512182319,116_profiles_rls_hardening,clean
117,compute_jobs_claim_token_fencing,117_compute_jobs_claim_token_fencing.sql,20260513065852,20260513065852_compute_jobs_claim_token_fencing.sql,2026-05-13T08:58:52+02:00,20260512184921,117_compute_jobs_claim_token_fencing,,,,,missing_in_prod
118,enqueue_compute_job_internal_acl_remediation,118_enqueue_compute_job_internal_acl_remediation.sql,20260513065853,20260513065853_enqueue_compute_job_internal_acl_remediation.sql,2026-05-13T08:58:52+02:00,20260512185433,118_enqueue_compute_job_internal_acl_remediation,,,,,missing_in_prod
119,positions_natural_key_remediation,119_positions_natural_key_remediation.sql,20260513065854,20260513065854_positions_natural_key_remediation.sql,2026-05-13T08:58:52+02:00,20260512190258,119_positions_natural_key_remediation,,,,,missing_in_prod
124,data_deletion_requests_fk_set_null,124_data_deletion_requests_fk_set_null.sql,20260513072325,20260513072325_data_deletion_requests_fk_set_null.sql,2026-05-13T09:23:25+02:00,20260513095318,124_data_deletion_requests_fk_set_null,,,,,missing_in_prod
120,sanitize_user_hardening,120_sanitize_user_hardening.sql,20260513073518,20260513073518_sanitize_user_hardening.sql,2026-05-13T09:35:18+02:00,20260513094633,120_sanitize_user_hardening,,,,,missing_in_prod
121,retention_crons_safe,121_retention_crons_safe.sql,20260513073528,20260513073528_retention_crons_safe.sql,2026-05-13T09:35:28+02:00,20260513094947,121_retention_crons_safe,,,,,missing_in_prod
122,test_force_hot_to_cold_audit,122_test_force_hot_to_cold_audit.sql,20260513073538,20260513073538_test_force_hot_to_cold_audit.sql,2026-05-13T09:35:38+02:00,20260513095059,122_test_force_hot_to_cold_audit,,,,,missing_in_prod
123,log_audit_event_service_hardened,123_log_audit_event_service_hardened.sql,20260513073550,20260513073550_log_audit_event_service_hardened.sql,2026-05-13T09:35:50+02:00,20260513095214,123_log_audit_event_service_hardened,,,,,missing_in_prod
125,guard_wizard_draft_updates_auth_uid,125_guard_wizard_draft_updates_auth_uid.sql,20260513082230,20260513082230_guard_wizard_draft_updates_auth_uid.sql,2026-05-13T10:22:30+02:00,20260513095439,125_guard_wizard_draft_updates_auth_uid,,,,,missing_in_prod
126,wizard_rpc_bypass_flag,126_wizard_rpc_bypass_flag.sql,20260513084844,20260513084844_wizard_rpc_bypass_flag.sql,2026-05-13T10:48:44+02:00,20260513095559,126_wizard_rpc_bypass_flag,,,,,missing_in_prod
127,redact_guc_bypass_use_current_user,127_redact_guc_bypass_use_current_user.sql,20260513092140,20260513092140_redact_guc_bypass_use_current_user.sql,2026-05-13T11:21:40+02:00,20260513095751,127_redact_guc_bypass_use_current_user,,,,,missing_in_prod
128,commit_scenario_batch_hardening,128_commit_scenario_batch_hardening.sql,20260514044715,20260514044715_commit_scenario_batch_hardening.sql,2026-05-14T06:47:15+02:00,20260513193412,128_commit_scenario_batch_hardening,,,20260514045553,128_commit_scenario_batch_hardening,clean
129,cutover_strategy_metrics_keys_atomic,129_cutover_strategy_metrics_keys_atomic.sql,20260514044716,20260514044716_cutover_strategy_metrics_keys_atomic.sql,2026-05-14T06:47:15+02:00,20260513193506,129_cutover_strategy_metrics_keys_atomic,,,20260514045627,129_cutover_strategy_metrics_keys_atomic,clean
130,idempotency_keys,130_idempotency_keys.sql,20260514140300,20260514140300_idempotency_keys.sql,2026-05-14T16:03:00+02:00,,,,,,,missing_in_test+missing_in_prod
131,commit_scenario_batch_idempotency,131_commit_scenario_batch_idempotency.sql,20260514140301,20260514140301_commit_scenario_batch_idempotency.sql,2026-05-14T16:03:00+02:00,,,,,,,missing_in_test+missing_in_prod
132,teaser_anchor_strategy,132_teaser_anchor_strategy.sql,20260515094801,20260515094801_teaser_anchor_strategy.sql,2026-05-15T11:48:01+02:00,20260515095633,132_teaser_anchor_strategy,,,20260515095804,132_teaser_anchor_strategy,clean
